{
  "model": "T2P-DiT-nano",
  "vocab_size": 7524,
  "token_length": 8,
  "rgba_mean": [
    60.46577835083008,
    52.98399353027344,
    46.85569381713867,
    146.07763671875
  ],
  "rgba_std": [
    74.76870727539062,
    67.71038818359375,
    66.21349334716797,
    126.04363250732422
  ],
  "num_timestep": 300,
  "dataset_size": 431,
  "include": [
    "box",
    "crate",
    "shulker",
    "chest"
  ],
  "tokenizer_file": "ref_artifacts/token-7524n.json"
}