{
  "model": "T2P-DiT-tiny",
  "vocab_size": 7524,
  "token_length": 8,
  "rgba_mean": [
    54.34877395629883,
    48.002262115478516,
    43.187828063964844,
    114.46614837646484
  ],
  "rgba_std": [
    77.30180358886719,
    71.14025115966797,
    69.49485778808594,
    126.46737670898438
  ],
  "num_timestep": 300,
  "dataset_size": 19180,
  "include": null,
  "tokenizer_file": "ref_artifacts/token-7524n.json"
}